<?xml version="1.0" encoding="utf-8" standalone="yes"?>
<rss version="2.0" xmlns:atom="http://www.w3.org/2005/Atom">
  <channel>
    <title>Welcome to PieEye</title>
    <link>http://localhost:1313/</link>
    <description>Recent content on Welcome to PieEye</description>
    <generator>Hugo -- gohugo.io</generator>
    <language>en-us</language>
    <lastBuildDate>Tue, 08 Feb 2022 18:01:38 +0530</lastBuildDate><atom:link href="http://localhost:1313/index.xml" rel="self" type="application/rss+xml" />
    <item>
      <title>Thankyou</title>
      <link>http://localhost:1313/formarchtype/thankyou/</link>
      <pubDate>Tue, 08 Feb 2022 18:01:38 +0530</pubDate>
      
      <guid>http://localhost:1313/formarchtype/thankyou/</guid>
      <description></description>
    </item>
    
    <item>
      <title>Status</title>
      <link>http://localhost:1313/formarchtype/statusform/</link>
      <pubDate>Wed, 09 Apr 2014 00:00:00 +0000</pubDate>
      
      <guid>http://localhost:1313/formarchtype/statusform/</guid>
      <description></description>
    </item>
    
    <item>
      <title>Status Detail page</title>
      <link>http://localhost:1313/formarchtype/status-detail-page/</link>
      <pubDate>Wed, 09 Apr 2014 00:00:00 +0000</pubDate>
      
      <guid>http://localhost:1313/formarchtype/status-detail-page/</guid>
      <description></description>
    </item>
    
  </channel>
</rss>
